<?xml version="1.0"?>

<layout version="0.1.0">

    <catalog_category_default>
        <reference name="root">
            <action method="setTemplate"><template>page/2columns-left.phtml</template></action>
        </reference>
    </catalog_category_default>

    <catalog_category_layered>
        <reference name="root">
            <action method="setTemplate"><template>page/2columns-left.phtml</template></action>
        </reference>
        <reference name="content"> <!-- find left column block -->
            <block type="mana_filters/view" name="mana.catalog.leftnav" before="-" template="catalog/layer/view.phtml"/>
        </reference>
    </catalog_category_layered>
</layout>